{"stats":{"minecraft:crafted":{"minecraft:firework_star":4,"minecraft:firework_rocket":12},"minecraft:dropped":{"minecraft:stone_button":4,"minecraft:firework_rocket":28},"minecraft:used":{"minecraft:structure_block":10,"minecraft:firework_rocket":114,"minecraft:bow":4,"minecraft:yellow_terracotta":56,"minecraft:command_block":2,"minecraft:written_book":4,"minecraft:crafting_table":3,"minecraft:dispenser":1,"minecraft:stone_button":2,"minecraft:quartz_block":1},"minecraft:picked_up":{"minecraft:firework_rocket":28,"minecraft:stone_button":4},"minecraft:custom":{"minecraft:time_since_rest":451879,"minecraft:crouch_one_cm":1334,"minecraft:play_one_minute":451879,"minecraft:sprint_one_cm":152825,"minecraft:walk_one_cm":258615,"minecraft:sneak_time":5046,"minecraft:walk_under_water_one_cm":1743,"minecraft:drop":32,"minecraft:jump":452,"minecraft:leave_game":5,"minecraft:walk_on_water_one_cm":955,"minecraft:time_since_death":451841,"minecraft:damage_resisted":13789,"minecraft:inspect_dispenser":2,"minecraft:interact_with_crafting_table":7,"minecraft:fall_one_cm":206724,"minecraft:fly_one_cm":301511}},"DataVersion":1631}